nama,email,kelas,status
Ahmad Fauzi,ahmad.fauzi@student.com,X IPA 1,1
Siti Nurhaliza,siti.nur@student.com,X IPA 1,1
Budi Santoso,budi.santoso@student.com,X IPS 1,1
Dewi Lestari,dewi.lestari@student.com,XI IPA 1,1
Rizki Pratama,rizki.pratama@student.com,XI IPS 1,1
Andi Wijaya,andi.wijaya@student.com,XII IPA 1,1
Maya Sari,maya.sari@student.com,XII IPS 1,1
